Gene	CDS_position (with splits)	sgRNA_id	Forward Primer	Reverse Primer	Amplicon Start	Amplicon End	Targeton_ID	split_pos
CTCF	chr16:67610833-67611018	1139540371	ATGCTTTGCTTTAAATAACAATCTGTGT	CATCTGAAGAAGGGTGGGGTC	67610781	67611051	KISE	five
CTCF	chr16:67611010-67611219	1139540424	TGGTCCAGGATGTCAACAGCA	TCATTTTCATAAGCCCCCTGAAGTT	67610981	67611254	UYMP	internal
CTCF	chr16:67611211-67611414	1139540434	CTGTTCCTGTGACTGTACCTGTT	TCCTCTGTATAACGCAGTTTGCTC	67611188	67611482	BBAI	internal
CTCF	chr16:67611406-67611613	1139540471	CCACCCCAGGAAGATCCTAGT	CACTGTGTTGTATGCTTATCCCA	67611382	67611676	GRTM	three
CTCF	chr16:67611951-67612121	1139540505	TTGAAACTCTGCAGCAAGTAAGTGT	CCGCTGGAGTCAGCTTGAATGA	67611910	67612203	ZERD	
CTCF	chr16:67616745-67616878	1139541055	AGCTACTGCAGTTGATGGGATG	GCCTAAGAGAGATACCAACAAAAAGC	67616622	67616915	BUKA	
CTCF	chr16:67620697-67620817	1139541475	TTGTGCCTAACCTACTGTGCTC	CATTCATATAAACAATGGGGACACACA	67620622	67620916	CELL	
CTCF	chr16:67621442-67621591	1139541557	TCATTTCATTTATGTGTTCATTCTGTATTT	AGAAGGTGAAGTTATTTTTGATCCCC	67621403	67621679	TIMB	
CTCF	chr16:67626555-67626715	1139542201	TGTTTTCACATTACCCTGGGCT	CCACTGTACTAGATATGTAAATGCCC	67626516	67626796	CADT	
CTCF	chr16:67628370-67628552	1139542458	CTCTGAGGCCTTTCCCCCTA	CTGCAGAGGAAGACCAAAAATCC	67628339	67628619	LEWP	
CTCF	chr16:67629398-67629533	1139542593	TCAGGACACACTTAGCAGATACT	GCCATAGTAAGCAAATCAAGGAAC	67629274	67629568	MIPR	
CTCF	chr16:67636690-67636851	1139543542	CACCACCTGTGCTTCCTGA	GCTTAGTTCCCACATCCCCA	67636659	67636947	KOSA	
CTCF	chr16:67637688-67637872	1139543681	GTGATTCTTGGGGCTTTAATGGAC	GCCGTTTAAACACAGCCCAGA	67637633	67637923	RADS	


